Workbook
Name Cash_Minimum: 'Income Statement'!#REF!
Name Cash_Minimum: Investment!#REF!
Name Cash_Minimum: 'Cash flow'!#REF!
Name Start_Date: 'Income Statement'!#REF!
Name Start_Date: Investment!#REF!
Name Start_Date: 'Cash flow'!#REF!

Sheet Info
B1: ՄԱՄՈՒԼԻ ՇԵՆՔ
B2: ՖԻՆԱՆՍԱԿԱՆ ՑՈՒՑԱՆԻՇՆԵՐ
B3: ԴՐԱՄԻ ՄԻԱՎՈՐ | C3: ՀՀ ԴՐԱՄ
B5: ՆԵՐԴՐՈՒՄՆԵՐ ՏԱՐԱԾՔԻ ԿԱՌՈՒՑԱՊԱՏՄԱՆ ՆՊԱՏԱԿՈՎ
B7: Համախառն եկամուտ (ներառյալ ԱԱՀ) | C7: =+'Cash flow'!E12+'Cash flow'!E13+'Cash flow'!E16 -> 9.9849157e+09
B8: Պահանջվող ներդրումներ* | C8: =+Credit!C4 -> 6718260600
B9: Զուտ շահույթ | C9: =+'Income Statement'!E31 -> 1.4284539e+09
B13: ԸՆԴՀԱՆՈՒՐ ՏՎՅԱԼՆԵՐ
B14: Կանխատեսման հորիզոն կառուցապատումից հետո՝ տարի | C14: 1
B15: Կանխատեսման հորիզոն ՝ տարի | C15: 2

Sheet Investment
B1: ՄԱՄՈՒԼԻ ՇԵՆՔ
B2: ՆԵՐԴՐՈՒՄԱՅԻՆ ԾՐԱԳԻՐ
B3: ԴՐԱՄԻ ՄԻԱՎՈՐ | C3: ՀՀ ԴՐԱՄ
B4: ԵԼՔԵՐ / ՄՈՒՏՔԵՐ
C6: Չափման միավոր | D6: Քանակ` մաքուր մակերես. | E6: Կապիտալ նորոգման Ինքնարժեք, ՀՀ դրամ/քմ | F6: Վաճառքի Գին, ՀՀ դրամ/քմ | G6: Ընդհանուր ԵԼՔԵՐ | H6: Ընդհանուր ՄՈՒՏՔԵՐ
B7: Ընդհանուր տարածք | C7: քառ․ մետր | D7: 6751
B8: Հասարակական տարածք և գրասենյակ՝ վաճառք | C8: քառ․ մետր | D8: =392+619+8+63+13 -> 1095 | E8: 160000 | F8: =3500*390 -> 1365000 | G8: =+D8*E8 -> 175200000 | H8: =+D8*F8 -> 1494675000
B9: Ապարթ հոթել՝ վաճառք | C9: քառ․ մետր | D9: =+D7-D8 -> 5656 | E9: =+E8 -> 160000 | F9: =3500*390 -> 1365000 | G9: =+D9*E9 -> 904960000 | H9: =+D9*F9 -> 7720440000
B10: Ամրացման աշխատանքներ | G10: 300000000
B12: ՆԵՐԴՐՈՒՄՆԵՐ
G13: 0
B14: ԱՊԶ - հասարակական տարածքներ | G14: 75000
B15: Շինարարության ծախսեր | G15: =+G8+G9+G10 -> 1380160000
B16: Սեյսմակայունության եզրակացություն | G16: 1360000
B17: Նախագիծ | G17: =+(37325.6+20045)*10*400 -> 229482400
B18: Գույքի արժեք | G18: 5079580000
B19: Այլ ծախսեր (մարքեթինգ, վարչական, չնախատեսված, այլն) | G19: =+G15*0.02 -> 27603200
B21: ԸՆԴՀԱՆՈՒՐ ԵԼՔԵՐ / ՄՈՒՏՔԵՐ | G21: =SUM(G13:G20) -> 6718260600 | H21: =SUM(H8:H20) -> 9215115000

Sheet Credit
B1: ՄԱՄՈՒԼԻ ՇԵՆՔ
B2: ՎԱՐԿԻ ԿԱՌԱՎԱՐՈՒՄ
B3: ԴՐԱՄԻ ՄԻԱՎՈՐ | C3: ՀՀ ԴՐԱՄ
B4: Վարկի գումար | C4: =+Investment!G21 -> 6718260600 | E4: Ստացման ամիս | F4: 46023 | H4: Վարկի ժամկետ (ամիս) | J4: 24 | L4: Վարկի տարեկան տոկոսադրույք | N4: 0.12
L5: Ավանդի տարեկան տոկոսադրույք | N5: 0.11
B7: ՏԱՐԻ 1 | C7: ԱՄԻՍ 1 | D7: ԱՄԻՍ 2 | E7: ԱՄԻՍ 3 | F7: ԱՄԻՍ 4 | G7: ԱՄԻՍ 5 | H7: ԱՄԻՍ 6 | I7: ԱՄԻՍ 7 | J7: ԱՄԻՍ 8 | K7: ԱՄԻՍ 9 | L7: ԱՄԻՍ 10 | M7: ԱՄԻՍ 11 | N7: ԱՄԻՍ 12 | O7: ԳՈՒՄԱՐ
B8: Վարկի մայր գումարի մնացորդ | C8: =C4 -> 6718260600 | D8: =+C8-C10 -> 6438333075 | E8: =+D8-D10 -> 6158405550 | F8: =+E8-E10 -> 5878478025 | G8: =+F8-F10 -> 5598550500 | H8: =+G8-G10 -> 5318622975 | I8: =+H8-H10 -> 5038695450 | J8: =+I8-I10 -> 4758767925 | K8: =+J8-J10 -> 4478840400 | ... N8: =+M8-M10 -> 3639057825
B10: Մայր գումարի վճար | C10: =C8/J4 -> 279927525 | D10: =+C10 -> 279927525 | E10: =+D10 -> 279927525 | F10: =+E10 -> 279927525 | G10: =+F10 -> 279927525 | H10: =+G10 -> 279927525 | I10: =+H10 -> 279927525 | J10: =+I10 -> 279927525 | K10: =+J10 -> 279927525 | ... N10: =+M10 -> 279927525 | O10: =SUM(C10:N10) -> 3359130300
B11: Վճարվող տոկոսներ | C11: =+C8*$N$4/12 -> 67182606 | D11: =+D8*$N$4/12 -> 64383331 | E11: =+E8*$N$4/12 -> 61584056 | F11: =+F8*$N$4/12 -> 58784780 | G11: =+G8*$N$4/12 -> 55985505 | H11: =+H8*$N$4/12 -> 53186230 | I11: =+I8*$N$4/12 -> 50386954 | J11: =+J8*$N$4/12 -> 47587679 | ... N11: =+N8*$N$4/12 -> 36390578 | O11: =SUM(C11:N11) -> 6.2143911e+08
B12: ԸՆԴՀԱՆՈՒՐ ՄԱՅՐ ԳՈՒՄԱՐ ԵՎ ՏՈԿՈՍՆԵՐ | C12: =+C10+C11 -> 347110131 | D12: =+D10+D11 -> 3.4431086e+08 | E12: =+E10+E11 -> 3.4151158e+08 | F12: =+F10+F11 -> 3.3871231e+08 | G12: =+G10+G11 -> 335913030 | H12: =+H10+H11 -> 3.3311375e+08 | I12: =+I10+I11 -> 3.3031448e+08 | J12: =+J10+J11 -> 3.275152e+08 | ... N12: =+N10+N11 -> 3.163181e+08 | O12: =SUM(C12:N12) -> 3.9805694e+09
B14: ՏԱՐԻ 2 | C14: =+C7 -> ԱՄԻՍ 1 | D14: =+D7 -> ԱՄԻՍ 2 | E14: =+E7 -> ԱՄԻՍ 3 | F14: =+F7 -> ԱՄԻՍ 4 | G14: =+G7 -> ԱՄԻՍ 5 | H14: =+H7 -> ԱՄԻՍ 6 | I14: =+I7 -> ԱՄԻՍ 7 | J14: =+J7 -> ԱՄԻՍ 8 | ... N14: =+N7 -> ԱՄԻՍ 12 | O14: ԳՈՒՄԱՐ
B15: Վարկի մայր գումարի մնացորդ | C15: =+N8-N10 -> 3359130300 | D15: =+C15-C17 -> 3079202775 | E15: =+D15-D17 -> 2799275250 | F15: =+E15-E17 -> 2519347725 | G15: =+F15-F17 -> 2239420200 | H15: =+G15-G17 -> 1959492675 | I15: =+H15-H17 -> 1679565150 | J15: =+I15-I17 -> 1399637625 | K15: =+J15-J17 -> 1119710100 | ... N15: =+M15-M17 -> 279927525
B17: Մայր գումարի վճար | C17: =+C10 -> 279927525 | D17: =+C17 -> 279927525 | E17: =+D17 -> 279927525 | F17: =+E17 -> 279927525 | G17: =+F17 -> 279927525 | H17: =+G17 -> 279927525 | I17: =+H17 -> 279927525 | J17: =+I17 -> 279927525 | K17: =+J17 -> 279927525 | ... N17: =+M17 -> 279927525 | O17: =SUM(C17:N17) -> 3359130300
B18: Վճարվող տոկոսներ | C18: =+C15*$N$4/12 -> 33591303 | D18: =+D15*$N$4/12 -> 30792028 | E18: =+E15*$N$4/12 -> 27992752 | F18: =+F15*$N$4/12 -> 25193477 | G18: =+G15*$N$4/12 -> 22394202 | H18: =+H15*$N$4/12 -> 19594927 | I18: =+I15*$N$4/12 -> 16795652 | J18: =+J15*$N$4/12 -> 13996376 | ... N18: =+N15*$N$4/12 -> 2799275.2 | O18: =SUM(C18:N18) -> 2.1834347e+08
B19: ԸՆԴՀԱՆՈՒՐ ՄԱՅՐ ԳՈՒՄԱՐ ԵՎ ՏՈԿՈՍՆԵՐ | C19: =+C17+C18 -> 313518828 | D19: =+D17+D18 -> 3.1071955e+08 | E19: =+E17+E18 -> 3.0792028e+08 | F19: =+F17+F18 -> 3.05121e+08 | G19: =+G17+G18 -> 302321727 | H19: =+H17+H18 -> 2.9952245e+08 | I19: =+I17+I18 -> 2.9672318e+08 | J19: =+J17+J18 -> 2.939239e+08 | ... N19: =+N17+N18 -> 2.827268e+08 | O19: =SUM(C19:N19) -> 3.5774738e+09

Sheet Cash flow
B1: ՄԱՄՈՒԼԻ ՇԵՆՔ
B2: ԴՐԱՄԱԿԱՆ ՄԻՋՈՑՆԵՐԻ ՇԱՐԺ
B3: ԴՐԱՄԻ ՄԻԱՎՈՐ | C3: ՀՀ ԴՐԱՄ
B4: Դրամական միջոցների սկզբնական մնացորդ | C4: 10000
C7: ՏԱՐԻ 1 | D7: ՏԱՐԻ 2 | E7: ԸՆԴՀԱՆՈՒՐ
B8: ԴՐԱՄԻ ՄՆԱՑՈՐԴ ՏԱՐՎԱ ՍԿԶԲՈՒՄ | C8: =C4 -> 10000 | D8: =C40 -> 6.3679733e+09
B10: ԴՐԱՄԻ ՄՈՒՏՔԵՐ
B12: =+Investment!B8 -> Հասարակական տարածք և գրասենյակ՝ վաճառք | C12: =0.5*Investment!$H8 -> 747337500 | D12: =0.5*Investment!$H8 -> 747337500 | E12: =SUM(C12:D12) -> 1494675000
B13: =+Investment!B9 -> Ապարթ հոթել՝ վաճառք | C13: =0.5*Investment!$H9 -> 3860220000 | D13: =0.5*Investment!$H9 -> 3860220000 | E13: =SUM(C13:D13) -> 7720440000
E14: =SUM(C14:D14) -> 0
B15: Վարկային միջոցներ | C15: =+Credit!C4 -> 6718260600 | E15: =SUM(C15:D15) -> 6718260600
B16: Տոկոսներ ավանդից | C16: =AVERAGE(Credit!$C8:$N8)*Credit!$N$5 -> 5.6965251e+08 | D16: =AVERAGE(Credit!$C15:$N15)*Credit!$N$5 -> 2.0014818e+08 | E16: =SUM(C16:D16) -> 7.6980069e+08
B17: ԸՆԴՀԱՆՈՒՐ ՄՈՒՏՔԵՐ | C17: =SUM(C12:C16) -> 1.1895471e+10 | D17: =SUM(D12:D16) -> 4.8077057e+09 | E17: =SUM(E12:E16) -> 1.6703176e+10
B20: ԴՐԱՄԻ ԵԼՔԵՐ
E22: =SUM(C22:D22) -> 0
B23: =+Investment!B14 -> ԱՊԶ - հասարակական տարածքներ | C23: =+Investment!G14 -> 75000 | E23: =SUM(C23:D23) -> 75000
B24: =+Investment!B15 -> Շինարարության ծախսեր | C24: =+Investment!G15/2 -> 690080000 | D24: =+C24 -> 690080000 | E24: =SUM(C24:D24) -> 1380160000
B25: Նախագծային/նախագործառնական ծախսեր | C25: =+Investment!G17+Investment!G16 -> 230842400 | E25: =SUM(C25:D25) -> 230842400
B26: =+Investment!B19 -> Այլ ծախսեր (մարքեթինգ, վարչական, չնախատեսված, այլն) | C26: =+C24*0.02 -> 13801600 | D26: =+C26 -> 13801600 | E26: =SUM(C26:D26) -> 27603200
E27: =SUM(C27:D27) -> 0
B28: ԱԱՀ | C28: =+(SUM(C12:C13)/6)-(+SUM(C24:C26)/6) -> 6.1213892e+08 | D28: =+(SUM(D12:D13)/6)-(+SUM(D24:D26)/6) -> 650612650 | E28: =SUM(C28:D28) -> 1.2627516e+09
B29: Շահութահարկ | C29: =+'Income Statement'!C29 -> 0 | D29: =+'Income Statement'!D29 -> 5.8227623e+08 | E29: =SUM(C29:D29) -> 5.8227623e+08
E30: =SUM(C30:D30) -> 0
B31: Վարկի տոկոսներ | C31: =+Credit!O11 -> 6.2143911e+08 | D31: =+Credit!O18 -> 2.1834347e+08 | E31: =SUM(C31:D31) -> 839782575
E32: =SUM(C32:D32) -> 0
E33: =SUM(C33:D33) -> 0
B34: ԸՆԴԱՄԵՆԸ | C34: =SUM(C22:C33) -> 2.168377e+09 | D34: =SUM(D22:D33) -> 2.155114e+09 | E34: =SUM(C34:D34) -> 4.323491e+09
B36: Վարկի մայր գումարի վճարում | C36: =+Credit!$O10 -> 3359130300 | D36: =+Credit!$O17 -> 3359130300 | E36: =SUM(C36:D36) -> 6718260600
E37: =SUM(C37:D37) -> 0
E38: =SUM(C38:D38) -> 0
B39: ԸՆԴՀԱՆՈՒՐ ԴՐԱՄԱԿԱՆ ՀՈՍՔԵՐԻ ԵԼՔ | C39: =+C34+C36 -> 5.5275073e+09 | D39: =+D34+D36 -> 5.5142443e+09 | E39: =+E34+E36 -> 1.1041752e+10
B40: ԴՐԱՄԱԿԱՆ ՄԻՋՈՑՆԵՐԻ ՄՆԱՑՈՐԴ | C40: =+C8+C17-C39 -> 6.3679733e+09 | D40: =+D8+D17-D39 -> 5.6614347e+09 | E40: =+E8+E17-E39 -> 5.6614247e+09
B41: ԶՈՒՏ ԴՐԱՄԱԿԱՆ ՀՈՍՔԵՐ | C41: =+C17-C39 -> 6.3679633e+09 | D41: =+D17-D39 -> -7.0653857e+08

Sheet Income Statement
B1: ՄԱՄՈՒԼԻ ՇԵՆՔ
B2: ՖԻՆԱՆՍԱԿԱՆ ԱՐԴՅՈՒՆՔՆԵՐԻ ՀԱՇՎԵՏՎՈՒԹՅՈՒՆ
B4: ԴՐԱՄԻ ՄԻԱՎՈՐ | C4: ՀՀ ԴՐԱՄ
B5: ՀԱՄԱԽԱՌՆ ԵԿԱՄՈՒՏ | C5: ՏԱՐԻ 1 | D5: ՏԱՐԻ 2
B7: =+Investment!B8 -> Հասարակական տարածք և գրասենյակ՝ վաճառք | C7: =+'Cash flow'!C12/6*5 -> 622781250 | D7: =+'Cash flow'!D12/6*5 -> 622781250 | E7: =SUM(C7:D7) -> 1245562500
B8: =+Investment!B9 -> Ապարթ հոթել՝ վաճառք | C8: =+'Cash flow'!C13/6*5 -> 3216850000 | D8: =+'Cash flow'!D13/6*5 -> 3216850000 | E8: =SUM(C8:D8) -> 6433700000
E9: =SUM(C9:D9) -> 0
B10: Տոկոսային եկամուտ | C10: =+'Cash flow'!C16 -> 5.6965251e+08 | D10: =+'Cash flow'!D16 -> 2.0014818e+08 | E10: =SUM(C10:D10) -> 7.6980069e+08
B11: ԸՆԴՀԱՆՈՒՐ ՀԱՄԱԽԱՌՆ ԵԿԱՄՈՒՏ | C11: =SUM(C7:C10) -> 4.4092838e+09 | D11: =SUM(D7:D10) -> 4.0397794e+09 | E11: =SUM(E7:E10) -> 8.4490632e+09
B14: ԾԱԽՍԵՐ
C16: =+Investment!G13 -> 0 | E16: =SUM(C16:D16) -> 0
B17: =+Investment!B14 -> ԱՊԶ - հասարակական տարածքներ | C17: =+Investment!G14/6*5 -> 62500 | E17: =SUM(C17:D17) -> 62500
B18: =+Investment!B15 -> Շինարարության ծախսեր | C18: =+Investment!G15/1.2/2 -> 5.7506667e+08 | D18: =+C18 -> 5.7506667e+08 | E18: =SUM(C18:D18) -> 1.1501333e+09
B19: =+'Cash flow'!B25 -> Նախագծային/նախագործառնական ծախսեր | C19: =+(Investment!G17+Investment!G16)/1.2 -> 1.9236867e+08 | E19: =SUM(C19:D19) -> 1.9236867e+08
B20: =+Investment!B19 -> Այլ ծախսեր (մարքեթինգ, վարչական, չնախատեսված, այլն) | C20: =+C18*0.02 -> 11501333 | D20: =+'Cash flow'!D26/1.2 -> 11501333 | E20: =SUM(C20:D20) -> 23002667
E21: =SUM(C21:D21) -> 0
B22: =+Investment!B18 -> Գույքի արժեք | C22: =+Investment!G18/6*5 -> 4.2329833e+09 | E22: =SUM(C22:D22) -> 4.2329833e+09
E23: =SUM(C23:D23) -> 0
B24: Վարկի տոկոսներ | C24: =+'Cash flow'!C31 -> 6.2143911e+08 | D24: =+'Cash flow'!D31 -> 2.1834347e+08 | E24: =SUM(C24:D24) -> 839782575
E25: =SUM(C25:D25) -> 0
E26: =SUM(C26:D26) -> 0
E27: =SUM(C27:D27) -> 0
B28: ԸՆԴՀԱՆՈՒՐ ԾԱԽՍԵՐ | C28: =SUM(C16:C27) -> 5.6334216e+09 | D28: =SUM(D16:D27) -> 8.0491147e+08 | E28: =+SUM(E16:E27) -> 6438333075
B29: Շահութահարկ | D29: =+(D11-D28)*0.18 -> 5.8227623e+08 | E29: =+C29+D29 -> 5.8227623e+08
B31: ԶՈՒՏ ՇԱՀՈՒՅԹ | C31: =+C11-C28-C29 -> -1.2241378e+09 | D31: =+D11-D28-D29 -> 2.6525917e+09 | E31: =+E11-E28-E29 -> 1.4284539e+09
